{
  "np": 10,
  "M": 400,
  "L": 1.0,
  "dt": 0.001,
  "Nt": 1000,
  "pml_strength":80.0,
  "pml_width": 0.1,
  "kx":1.414213562373095e+02,
  "ky":1.414213562373095e+02,
  "gamma": 0.02
}
